epoch,train_loss,val_loss,val_dice,val_jaccard,val_bacc,val_auc
0,1.2455852270126342,2.477477550506592,0.6005067825317383,0.4290887415409088,0.5314064025878906,0.5405704975128174
