epoch,train_loss,val_loss,val_dice,val_jaccard,val_bacc,val_auc
0,1.2117175658543904,1.18454909324646,0.6336196064949036,0.46372124552726746,0.6292117834091187,0.6968276500701904
1,1.025739888350169,1.1851530075073242,0.43581584095954895,0.2786218225955963,0.6022990345954895,0.6617831587791443
2,0.8761292497316996,2.0898141860961914,0.02522699348628521,0.012774629518389702,0.5038123726844788,0.5790060758590698
3,0.7803067564964294,3.521725654602051,0.0052431500516831875,0.00262846564874053,0.500845193862915,0.5606943368911743
4,0.7207247416178385,3.170525550842285,0.019801931455731392,0.009999975562095642,0.5041913390159607,0.5627236366271973
5,0.6745466788609823,1.95051109790802,0.10106920450925827,0.053224269300699234,0.5244197845458984,0.5923348665237427
6,0.6356006463368734,1.1686893701553345,0.40729111433029175,0.2557222545146942,0.6166373491287231,0.7615203857421875
7,0.6072994470596313,0.8645932674407959,0.6943909525871277,0.531852126121521,0.7515068054199219,0.8742417097091675
8,0.5830157399177551,0.7087409496307373,0.7950113415718079,0.659766674041748,0.8201212882995605,0.9108032584190369
