epoch,train_loss,val_loss,val_dice,val_jaccard,val_bacc,val_auc
0,0.7461501260598501,0.8630954027175903,0.7500013709068298,0.6000016927719116,0.7865742444992065,0.8796409964561462
1,0.48083225389321643,0.5221823453903198,0.849102795124054,0.737774670124054,0.8645474314689636,0.9461280703544617
2,0.43081755770577324,0.4326441287994385,0.8727623224258423,0.7742486596107483,0.8870561122894287,0.9595750570297241
3,0.4102085514201058,0.40549278259277344,0.8773140907287598,0.7814421057701111,0.8910816311836243,0.9639668464660645
4,0.39929143918885124,0.39644578099250793,0.8787623047828674,0.783743143081665,0.8923170566558838,0.9657617211341858
